<?xml version="1.0" encoding="UTF-8"?>
<con:soapui-project id="b389fb13-b8bf-44e0-91c6-081a552aaad1" activeEnvironment="Default" name="ClickUp API Project" resourceRoot="${projectDir}" soapui-version="5.7.2" abortOnError="false" runType="SEQUENTIAL" xmlns:con="http://eviware.com/soapui/config"><con:settings/><con:interface xsi:type="con:RestService" id="1187e529-185b-44e6-92fb-4b3e42128bfb" wadlVersion="http://wadl.dev.java.net/2009/02" name="https://api.clickup.com" type="rest" xmlns:xsi="http://www.w3.org/2001/XMLSchema-instance"><con:settings/><con:definitionCache/><con:endpoints><con:endpoint>https://api.clickup.com</con:endpoint></con:endpoints><con:resource name="V2" path="/key_result/${#Project#key_result_id}" id="18c9353a-c891-4fcb-b751-8d1f19d35778"><con:settings/><con:parameters><con:parameter><con:name>team_id</con:name><con:value>9015733476</con:value><con:style>TEMPLATE</con:style><con:default>9015733476</con:default></con:parameter><con:parameter><con:name>goal_id</con:name><con:style>TEMPLATE</con:style></con:parameter><con:parameter><con:name>key_result_id</con:name><con:style>QUERY</con:style></con:parameter></con:parameters><con:method name="V2 1" id="99e82ee6-bf3b-4b43-93b4-4e95ed259a85" method="DELETE"><con:settings/><con:parameters/><con:representation type="RESPONSE"><con:mediaType>application/json; charset=utf-8</con:mediaType><con:status>200</con:status><con:params/><con:element xmlns:goal="https://api.clickup.com/api/v2/team/9015733476/goal">goal:Response</con:element></con:representation><con:representation type="REQUEST"><con:mediaType>application/json</con:mediaType><con:params/></con:representation><con:request name="Get Goals" id="0c213ec1-26e4-4031-a594-9835f328fa6e" mediaType="application/json" postQueryString="false"><con:settings><con:setting id="com.eviware.soapui.impl.wsdl.WsdlRequest@request-headers">&lt;entry key="Authorization" value="${#Project#token}" xmlns="http://eviware.com/soapui/config"/></con:setting></con:settings><con:endpoint>https://api.clickup.com/api/v2</con:endpoint><con:request/><con:originalUri>https://api.clickup.com/api/v2/team/9015733476/goal</con:originalUri><con:credentials><con:authType>No Authorization</con:authType></con:credentials><con:jmsConfig JMSDeliveryMode="PERSISTENT"/><con:jmsPropertyConfig/><con:parameters><entry key="team_id" value="9015733476" xmlns="http://eviware.com/soapui/config"/></con:parameters><con:parameterOrder><con:entry>team_id</con:entry><con:entry>goal_id</con:entry></con:parameterOrder></con:request><con:request name="Create Goal" id="d1d1c3e0-ad3a-4f71-84cf-2101e244d420" mediaType="application/json" postQueryString="false"><con:settings><con:setting id="com.eviware.soapui.impl.wsdl.WsdlRequest@request-headers">&lt;xml-fragment xmlns:con="http://eviware.com/soapui/config">&#13;
  &lt;con:entry key="Authorization" value="${#Project#token}"/>&#13;
  &lt;con:entry key="Content-Type" value="application/json"/>&#13;
&lt;/xml-fragment></con:setting></con:settings><con:endpoint>https://api.clickup.com/api/v2/</con:endpoint><con:request>{
  "name": "Goal Name",
  "due_date": 1568036964079,
  "description": "Goal Description",
  "multiple_owners": true,
  "owners": [42467672],
  "color": "#32a852"
}
</con:request><con:originalUri>https://api.clickup.com/api/v2//team/9015733476/goal</con:originalUri><con:credentials><con:authType>No Authorization</con:authType></con:credentials><con:jmsConfig JMSDeliveryMode="PERSISTENT"/><con:jmsPropertyConfig/><con:parameters/><con:parameterOrder><con:entry>team_id</con:entry><con:entry>goal_id</con:entry></con:parameterOrder></con:request><con:request name="Update Goal" id="94d9f5aa-6539-41cb-bd96-a5e73c23a0e2" mediaType="application/json" postQueryString="false"><con:settings><con:setting id="com.eviware.soapui.impl.wsdl.WsdlRequest@request-headers">&lt;xml-fragment xmlns:con="http://eviware.com/soapui/config">&#13;
  &lt;con:entry key="Authorization" value="${#Project#token}"/>&#13;
  &lt;con:entry key="Content-Type" value="application/json"/>&#13;
&lt;/xml-fragment></con:setting></con:settings><con:endpoint>https://api.clickup.com/api/v2/</con:endpoint><con:request>{
"name": "Updated Goal",
"description": "This is an updated test goal"
}</con:request><con:credentials><con:authType>No Authorization</con:authType></con:credentials><con:jmsConfig JMSDeliveryMode="PERSISTENT"/><con:jmsPropertyConfig/><con:parameters/><con:parameterOrder><con:entry>team_id</con:entry><con:entry>goal_id</con:entry></con:parameterOrder></con:request><con:request name="DELETE Goal" id="ac69baaf-056a-4232-8c80-c8c0a19b9619" mediaType="application/json" postQueryString="false"><con:settings><con:setting id="com.eviware.soapui.impl.wsdl.WsdlRequest@request-headers">&lt;entry key="Authorization" value="" xmlns="http://eviware.com/soapui/config"/></con:setting></con:settings><con:endpoint>https://api.clickup.com</con:endpoint><con:request/><con:credentials><con:authType>No Authorization</con:authType></con:credentials><con:jmsConfig JMSDeliveryMode="PERSISTENT"/><con:jmsPropertyConfig/><con:parameters/></con:request><con:request name="POST Goal Copy" id="05a0cb9f-be10-4ea6-8c1c-e4e124ded610" mediaType="application/json" postQueryString="false"><con:settings><con:setting id="com.eviware.soapui.impl.wsdl.WsdlRequest@request-headers">&lt;xml-fragment xmlns:con="http://eviware.com/soapui/config">&#13;
  &lt;con:entry key="Authorization" value="${#Project#token}"/>&#13;
  &lt;con:entry key="Content-Type" value=""/>&#13;
&lt;/xml-fragment></con:setting></con:settings><con:endpoint>https://api.clickup.com/api/v2/</con:endpoint><con:request>{
  "name": "Goal Name NEW",
  "due_date": 1568036964079,
  "description": "Goal Description NEW",
  "multiple_owners": true,
  "owners": [42467672],
  "color": "#32a852"
}</con:request><con:credentials><con:authType>No Authorization</con:authType></con:credentials><con:jmsConfig JMSDeliveryMode="PERSISTENT"/><con:jmsPropertyConfig/><con:parameters/></con:request><con:request name="Create Key Result" id="adbfac55-8c33-45e6-8453-399e6fd7e7b5" mediaType="application/json" postQueryString="false"><con:settings><con:setting id="com.eviware.soapui.impl.wsdl.WsdlRequest@request-headers">&lt;xml-fragment xmlns:con="http://eviware.com/soapui/config">&#13;
  &lt;con:entry key="Authorization" value="${#Project#token}"/>&#13;
  &lt;con:entry key="Content-Type" value="application/json"/>&#13;
&lt;/xml-fragment></con:setting></con:settings><con:endpoint>https://api.clickup.com</con:endpoint><con:request>{
  "name": "Complete Project X",
  "owners": [42467672],
  "type": "number",
  "steps_start": 0,
  "steps_end": 100,
  "unit": "percent",
  "task_ids": [],
  "list_ids": []
}
</con:request><con:credentials><con:authType>No Authorization</con:authType></con:credentials><con:jmsConfig JMSDeliveryMode="PERSISTENT"/><con:jmsPropertyConfig/><con:parameters/></con:request><con:request name="Edit Key Result" id="681a9f59-d927-4d80-a051-33f8ad16bb38" mediaType="application/json" postQueryString="false"><con:settings><con:setting id="com.eviware.soapui.impl.wsdl.WsdlRequest@request-headers">&lt;xml-fragment xmlns:con="http://eviware.com/soapui/config">&#13;
  &lt;con:entry key="Authorization" value="${#Project#token}"/>&#13;
  &lt;con:entry key="Content-Type" value="application/json"/>&#13;
&lt;/xml-fragment></con:setting></con:settings><con:endpoint>https://api.clickup.com/api/v2/</con:endpoint><con:request>{
    "name": "Updated Key Result",
    "type": "number",
    "steps_start": 0,
    "steps_end": 200,
    "unit": "percentage"
}</con:request><con:credentials><con:authType>No Authorization</con:authType></con:credentials><con:jmsConfig JMSDeliveryMode="PERSISTENT"/><con:jmsPropertyConfig/><con:parameters/></con:request><con:request name="Delete Key Result" id="2665e9b9-d862-4bd1-ac1d-088139564d7f" mediaType="application/json" postQueryString="false"><con:settings><con:setting id="com.eviware.soapui.impl.wsdl.WsdlRequest@request-headers">&lt;entry key="Authorization" value="" xmlns="http://eviware.com/soapui/config"/></con:setting></con:settings><con:endpoint>https://api.clickup.com/api/v2/</con:endpoint><con:request/><con:credentials><con:authType>No Authorization</con:authType></con:credentials><con:jmsConfig JMSDeliveryMode="PERSISTENT"/><con:jmsPropertyConfig/><con:parameters/></con:request></con:method></con:resource></con:interface><con:testSuite id="6595a081-9d80-4197-aa24-4861b19d906d" name="TestSuite 1"><con:settings/><con:runType>SEQUENTIAL</con:runType><con:testCase id="c3c14420-2ce2-4d6a-a941-b537e7891d6b" failOnError="true" failTestCaseOnErrors="true" keepSession="false" maxResults="0" name="TestCase 1" searchProperties="true"><con:settings/><con:testStep type="restrequest" name="V2 1 - Get Goals" id="7222a527-782b-4f2d-ad3e-f955cbde5a18"><con:settings/><con:config service="https://api.clickup.com" resourcePath="/key_result/${#Project#key_result_id}" methodName="V2 1" xsi:type="con:RestRequestStep" xmlns:xsi="http://www.w3.org/2001/XMLSchema-instance"><con:restRequest name="V2 1 - Get Goals" id="0c213ec1-26e4-4031-a594-9835f328fa6e" mediaType="application/json" postQueryString="false"><con:settings><con:setting id="com.eviware.soapui.impl.wsdl.WsdlRequest@request-headers">&lt;entry key="Authorization" value="${#Project#token}" xmlns="http://eviware.com/soapui/config"/></con:setting></con:settings><con:endpoint>https://api.clickup.com/api/v2</con:endpoint><con:request/><con:originalUri>https://api.clickup.com/api/v2/team/9015733476/goal</con:originalUri><con:credentials><con:authType>No Authorization</con:authType></con:credentials><con:jmsConfig JMSDeliveryMode="PERSISTENT"/><con:jmsPropertyConfig/><con:parameters><entry key="team_id" value="9015733476" xmlns="http://eviware.com/soapui/config"/></con:parameters><con:parameterOrder><con:entry>team_id</con:entry><con:entry>goal_id</con:entry></con:parameterOrder></con:restRequest></con:config></con:testStep><con:testStep type="restrequest" name="V2 1 - Create Goal" id="dc3b757a-eb5e-4652-bfc8-39384748b301"><con:settings/><con:config service="https://api.clickup.com" resourcePath="/key_result/${#Project#key_result_id}" methodName="V2 1" xsi:type="con:RestRequestStep" xmlns:xsi="http://www.w3.org/2001/XMLSchema-instance"><con:restRequest name="V2 1 - Create Goal" id="d1d1c3e0-ad3a-4f71-84cf-2101e244d420" mediaType="application/json" postQueryString="false"><con:settings><con:setting id="com.eviware.soapui.impl.wsdl.WsdlRequest@request-headers">&lt;xml-fragment xmlns:con="http://eviware.com/soapui/config">&#13;
  &lt;con:entry key="Authorization" value="${#Project#token}"/>&#13;
  &lt;con:entry key="Content-Type" value="application/json"/>&#13;
&lt;/xml-fragment></con:setting></con:settings><con:endpoint>https://api.clickup.com/api/v2/</con:endpoint><con:request>{
  "name": "Goal Name",
  "due_date": 1568036964079,
  "description": "Goal Description",
  "multiple_owners": true,
  "owners": [42467672],
  "color": "#32a852"
}
</con:request><con:originalUri>https://api.clickup.com/api/v2//team/9015733476/goal</con:originalUri><con:credentials><con:authType>No Authorization</con:authType></con:credentials><con:jmsConfig JMSDeliveryMode="PERSISTENT"/><con:jmsPropertyConfig/><con:parameters/><con:parameterOrder><con:entry>team_id</con:entry><con:entry>goal_id</con:entry></con:parameterOrder></con:restRequest></con:config></con:testStep><con:testStep type="transfer" name="Property Transfer" id="5cd74ab4-ffdf-4479-b92d-7a011d386845"><con:settings/><con:config xsi:type="con:PropertyTransfersStep" xmlns:xsi="http://www.w3.org/2001/XMLSchema-instance"><con:transfers setNullOnMissingSource="true" transferTextContent="true" failOnError="true" ignoreEmpty="false" transferToAll="false" entitize="false" transferChildNodes="false"><con:name>id</con:name><con:sourceType>Response</con:sourceType><con:sourceStep>V2 1 - Create Goal</con:sourceStep><con:targetType>goal_id</con:targetType><con:targetStep>#Project#</con:targetStep><con:type>JSONPATH</con:type><con:upgraded>true</con:upgraded></con:transfers></con:config></con:testStep><con:testStep type="restrequest" name="V2 1 - Update Goal" id="be534be8-c562-479d-9104-7ad4a502bbc8"><con:settings/><con:config service="https://api.clickup.com" resourcePath="/key_result/${#Project#key_result_id}" methodName="V2 1" xsi:type="con:RestRequestStep" xmlns:xsi="http://www.w3.org/2001/XMLSchema-instance"><con:restRequest name="V2 1 - Update Goal" id="94d9f5aa-6539-41cb-bd96-a5e73c23a0e2" mediaType="application/json" postQueryString="false"><con:settings><con:setting id="com.eviware.soapui.impl.wsdl.WsdlRequest@request-headers">&lt;xml-fragment xmlns:con="http://eviware.com/soapui/config">&#13;
  &lt;con:entry key="Authorization" value="${#Project#token}"/>&#13;
  &lt;con:entry key="Content-Type" value="application/json"/>&#13;
&lt;/xml-fragment></con:setting></con:settings><con:endpoint>https://api.clickup.com/api/v2/</con:endpoint><con:request>{
"name": "Updated Goal",
"description": "This is an updated test goal"
}</con:request><con:credentials><con:authType>No Authorization</con:authType></con:credentials><con:jmsConfig JMSDeliveryMode="PERSISTENT"/><con:jmsPropertyConfig/><con:parameters/><con:parameterOrder><con:entry>team_id</con:entry><con:entry>goal_id</con:entry></con:parameterOrder></con:restRequest></con:config></con:testStep><con:testStep type="restrequest" name="V2 1 - DELETE Goal" id="44ec7eaf-c786-445e-a307-dbcac9455bf9"><con:settings/><con:config service="https://api.clickup.com" resourcePath="/key_result/${#Project#key_result_id}" methodName="V2 1" xsi:type="con:RestRequestStep" xmlns:xsi="http://www.w3.org/2001/XMLSchema-instance"><con:restRequest name="V2 1 - DELETE Goal" id="ac69baaf-056a-4232-8c80-c8c0a19b9619" mediaType="application/json" postQueryString="false"><con:settings><con:setting id="com.eviware.soapui.impl.wsdl.WsdlRequest@request-headers">&lt;entry key="Authorization" value="${#Project#token}" xmlns="http://eviware.com/soapui/config"/></con:setting></con:settings><con:endpoint>https://api.clickup.com</con:endpoint><con:request/><con:credentials><con:authType>No Authorization</con:authType></con:credentials><con:jmsConfig JMSDeliveryMode="PERSISTENT"/><con:jmsPropertyConfig/><con:parameters/></con:restRequest></con:config></con:testStep><con:testStep type="restrequest" name="V2 1 - POST Goal Copy" id="0e77671a-0469-4074-8744-e6b1f37f50fa"><con:settings/><con:config service="https://api.clickup.com" resourcePath="/key_result/${#Project#key_result_id}" methodName="V2 1" xsi:type="con:RestRequestStep" xmlns:xsi="http://www.w3.org/2001/XMLSchema-instance"><con:restRequest name="V2 1 - POST Goal Copy" id="05a0cb9f-be10-4ea6-8c1c-e4e124ded610" mediaType="application/json" postQueryString="false"><con:settings><con:setting id="com.eviware.soapui.impl.wsdl.WsdlRequest@request-headers">&lt;xml-fragment xmlns:con="http://eviware.com/soapui/config">&#13;
  &lt;con:entry key="Authorization" value="${#Project#token}"/>&#13;
  &lt;con:entry key="Content-Type" value=""/>&#13;
&lt;/xml-fragment></con:setting></con:settings><con:endpoint>https://api.clickup.com/api/v2/</con:endpoint><con:request>{
  "name": "Goal Name NEW",
  "due_date": 1568036964079,
  "description": "Goal Description NEW",
  "multiple_owners": true,
  "owners": [42467672],
  "color": "#32a852"
}</con:request><con:credentials><con:authType>No Authorization</con:authType></con:credentials><con:jmsConfig JMSDeliveryMode="PERSISTENT"/><con:jmsPropertyConfig/><con:parameters/></con:restRequest></con:config></con:testStep><con:testStep type="transfer" name="Property Transfer2" id="7f6024f1-53cf-441d-895c-c6e587860235"><con:settings/><con:config xsi:type="con:PropertyTransfersStep" xmlns:xsi="http://www.w3.org/2001/XMLSchema-instance"><con:transfers setNullOnMissingSource="true" transferTextContent="true" failOnError="true" ignoreEmpty="false" transferToAll="false" entitize="false" transferChildNodes="false"><con:name>id</con:name><con:sourceType>Response</con:sourceType><con:sourceStep>V2 1 - POST Goal Copy</con:sourceStep><con:sourcePath> $.goal.id</con:sourcePath><con:targetType>id</con:targetType><con:targetStep>#Project#</con:targetStep><con:type>JSONPATH</con:type><con:upgraded>true</con:upgraded></con:transfers></con:config></con:testStep><con:testStep type="restrequest" name="V2 1 - Create Key Result" id="e007f5bd-dd3a-4c6a-a484-ca4ee00d3c24"><con:settings/><con:config service="https://api.clickup.com" resourcePath="/key_result/${#Project#key_result_id}" methodName="V2 1" xsi:type="con:RestRequestStep" xmlns:xsi="http://www.w3.org/2001/XMLSchema-instance"><con:restRequest name="V2 1 - Create Key Result" id="adbfac55-8c33-45e6-8453-399e6fd7e7b5" mediaType="application/json" postQueryString="false"><con:settings><con:setting id="com.eviware.soapui.impl.wsdl.WsdlRequest@request-headers">&lt;xml-fragment xmlns:con="http://eviware.com/soapui/config">&#13;
  &lt;con:entry key="Authorization" value="${#Project#token}"/>&#13;
  &lt;con:entry key="Content-Type" value="application/json"/>&#13;
&lt;/xml-fragment></con:setting></con:settings><con:endpoint>https://api.clickup.com</con:endpoint><con:request>{
  "name": "Complete Project X",
  "owners": [42467672],
  "type": "number",
  "steps_start": 0,
  "steps_end": 100,
  "unit": "percent",
  "task_ids": [],
  "list_ids": []
}
</con:request><con:credentials><con:authType>No Authorization</con:authType></con:credentials><con:jmsConfig JMSDeliveryMode="PERSISTENT"/><con:jmsPropertyConfig/><con:parameters/></con:restRequest></con:config></con:testStep><con:testStep type="transfer" name="Property Transfer3" id="b686faa7-c459-4ff5-b81d-4d63ca591d5d"><con:settings/><con:config xsi:type="con:PropertyTransfersStep" xmlns:xsi="http://www.w3.org/2001/XMLSchema-instance"><con:transfers setNullOnMissingSource="true" transferTextContent="true" failOnError="true" ignoreEmpty="false" transferToAll="false" entitize="false" transferChildNodes="false"><con:name>id</con:name><con:sourceType>Response</con:sourceType><con:sourceStep>V2 1 - Create Key Result</con:sourceStep><con:sourcePath>$['key_result']['id']</con:sourcePath><con:targetType>key_result_id</con:targetType><con:targetStep>#Project#</con:targetStep><con:type>JSONPATH</con:type><con:upgraded>true</con:upgraded></con:transfers></con:config></con:testStep><con:testStep type="restrequest" name="V2 1 - Edit Key Result" id="3c2175f1-f4cd-4864-b120-c63b71b1ae11"><con:settings/><con:config service="https://api.clickup.com" resourcePath="/key_result/${#Project#key_result_id}" methodName="V2 1" xsi:type="con:RestRequestStep" xmlns:xsi="http://www.w3.org/2001/XMLSchema-instance"><con:restRequest name="V2 1 - Edit Key Result" id="681a9f59-d927-4d80-a051-33f8ad16bb38" mediaType="application/json" postQueryString="false"><con:settings><con:setting id="com.eviware.soapui.impl.wsdl.WsdlRequest@request-headers">&lt;xml-fragment xmlns:con="http://eviware.com/soapui/config">&#13;
  &lt;con:entry key="Authorization" value="${#Project#token}"/>&#13;
  &lt;con:entry key="Content-Type" value="application/json"/>&#13;
&lt;/xml-fragment></con:setting></con:settings><con:endpoint>https://api.clickup.com/api/v2/</con:endpoint><con:request>{
    "name": "Updated Key Result",
    "type": "number",
    "steps_start": 0,
    "steps_end": 200,
    "unit": "percentage"
}</con:request><con:credentials><con:authType>No Authorization</con:authType></con:credentials><con:jmsConfig JMSDeliveryMode="PERSISTENT"/><con:jmsPropertyConfig/><con:parameters/></con:restRequest></con:config></con:testStep><con:testStep type="restrequest" name="V2 1 - Delete Key Result" id="d215fd63-4563-4f59-931f-b07b4227d56f"><con:settings/><con:config service="https://api.clickup.com" resourcePath="/key_result/${#Project#key_result_id}" methodName="V2 1" xsi:type="con:RestRequestStep" xmlns:xsi="http://www.w3.org/2001/XMLSchema-instance"><con:restRequest name="V2 1 - Delete Key Result" id="2665e9b9-d862-4bd1-ac1d-088139564d7f" mediaType="application/json" postQueryString="false"><con:settings><con:setting id="com.eviware.soapui.impl.wsdl.WsdlRequest@request-headers">&lt;entry key="Authorization" value="" xmlns="http://eviware.com/soapui/config"/></con:setting></con:settings><con:endpoint>https://api.clickup.com/api/v2/</con:endpoint><con:request/><con:credentials><con:authType>No Authorization</con:authType></con:credentials><con:jmsConfig JMSDeliveryMode="PERSISTENT"/><con:jmsPropertyConfig/><con:parameters/></con:restRequest></con:config></con:testStep><con:properties/></con:testCase><con:properties/></con:testSuite><con:properties><con:property><con:name>token</con:name><con:value>pk_42467672_YZAPGFF3Y4C5GWKC7GSVTH5NWQEO8U1T</con:value></con:property><con:property><con:name>goal_id</con:name><con:value/></con:property><con:property><con:name>id</con:name><con:value/></con:property><con:property><con:name>key_result_id</con:name></con:property></con:properties><con:wssContainer/><con:oAuth2ProfileContainer/><con:oAuth1ProfileContainer/></con:soapui-project>